{"lr": 0.01, "epo": 250, "bs": 256, "opt": "Adamax", "m": 0.0, "lr_decay": 0.5, "af": "relu", "af2": "relu", "u": 64, "u2": 64, "_timestamp": 1686215219.2536879, "_runtime": 334.03856587409973, "_step": 503, "epoch": 249, "loss": 1272959.25, "root_mean_squared_error": 0.9046673774719238, "val_loss": 1286164.125, "val_root_mean_squared_error": 0.9025519490242004, "best_val_loss": 85.48499298095703, "best_epoch": 0, "val_RMSE": 0.6388034820556641}