{"lr": 0.01, "epo": 250, "bs": 256, "opt": "Adamax", "m": 0.0, "lr_decay": 0.5, "af": "relu", "af2": "relu", "u": 64, "u2": 64, "_timestamp": 1686226474.4865212, "_runtime": 10339.467485189438, "_step": 252, "epoch": 249, "loss": 890156.875, "root_mean_squared_error": 0.9046673774719238, "val_loss": 870748.8125, "val_root_mean_squared_error": 0.9025519490242004, "best_val_loss": 85.4527359008789, "best_epoch": 0, "val_RMSE": 0.5779790878295898}