{"lr": 0.01, "epo": 250, "bs": 256, "opt": "Adamax", "m": 0.0, "lr_decay": 0.5, "af": "relu", "af2": "relu", "u": 64, "u2": 64, "_timestamp": 1686153212.0437312, "_runtime": 720.5274331569672, "_step": 755, "epoch": 249, "loss": 1465205.625, "root_mean_squared_error": 0.9046673774719238, "val_loss": 1366197.25, "val_root_mean_squared_error": 0.9025519490242004, "best_val_loss": 85.40544891357422, "best_epoch": 0, "val_RMSE": 0.628186047077179}